{
  "gender_mae_by_group": {
    "Female": 2.491305481833401,
    "Male": 2.511246225819046,
    "Other": 2.502541569917298
  },
  "age_mae_by_group": {
    "26-35": 2.485858697041037,
    "36-50": 2.496769255153381,
    "<=25": 2.5085124437036925,
    ">50": 2.519873565460572
  }
}